{
    "bibtex": {
        "title": "Atomistic calculations of hydrogen interactions with Ni 3 Al grain boundaries and Ni/Ni 3 Al interfaces",
        "author": "Baskes, MI and Angelo, JE and Moody, NR",
        "journal": "Modelling and Simulation in Materials Science and Engineering",
        "year": "1995",
        "institution": "Sandia National Labs."
    },
    "Ni_fcc.E_coh": -4.4500000125938,
    "Ni_fcc.a0": 3.52000035011041,
    "Ni_fcc.c11": 246.715158886758,
    "Ni_fcc.c12": 147.480621905903,
    "Ni_fcc.c44": 124.960604806714,
    "Ni_fcc.B": 180.55880089952134,
    "Ni_fcc.G": 49.61726849042749,
    "Ni_fcc.vac": 1.5938793445586157,
    "Ni_fcc.100s": 0.1285743493399689,
    "Ni_fcc.110s": 0.14781220704975925,
    "Ni_fcc.111s": 0.12040311031473264,
    "Ni_fcc.esf": 2.648708409963305e-15,
    "Ni_fcc.isf": 0.005525903822777186,
    "E_Ni_fcc_hcp": 0.012563864102899558,
    "E_Ni_fcc_bcc": 0.07640412576407485,
    "E_Ni_fcc_sc": 0.47501015461552987,
    "E_Ni_fcc_dia": 0.012563864102899558
}