{
    "bibtex": {
        "title": "Interatomic potential for the ternary Ni--Al--Co system and application to atomistic modeling of the B2--L10 martensitic transformation",
        "author": "Pun, GP Purja and Yamakov, V and Mishin, Y",
        "journal": "Modelling and Simulation in Materials Science and Engineering",
        "volume": "23",
        "number": "6",
        "pages": "065006",
        "year": "2015",
        "publisher": "IOP Publishing"
    },
    "Ni_fcc.E_coh": -4.449999985713825,
    "Ni_fcc.a0": 3.52000004514173,
    "Ni_fcc.c11": 241.341629134211,
    "Ni_fcc.c12": 150.824244634751,
    "Ni_fcc.c44": 127.34413217099,
    "Ni_fcc.B": 180.996706134571,
    "Ni_fcc.G": 45.25869224972999,
    "Ni_fcc.vac": 1.5722909444763218,
    "Ni_fcc.100s": 0.12083783763315925,
    "Ni_fcc.110s": 0.1306411055698218,
    "Ni_fcc.111s": 0.1097944617790805,
    "Ni_fcc.esf": 4.50280507300032e-14,
    "Ni_fcc.isf": 0.008398360367557003,
    "E_Ni_fcc_hcp": 0.02213171443965045,
    "E_Ni_fcc_bcc": 0.06728584869762066,
    "E_Ni_fcc_sc": 0.7235998449031951,
    "E_Ni_fcc_dia": 1.4164289731208752
}